Frame,Time,Type/Subtype,Transmitter,Receiver
""1"",""0.000000000"","Probe Request"," SN=2160"," FN=0, Flags=........, SSID="Team_6"","fe:f7:ae:58:03:ea","c8:3a:35:c2:e0:a2""
""2"",""0.000011695"","Probe Response"," SN=15"," FN=0, Flags=........, BI=100, SSID="Team_6"","c8:3a:35:c2:e0:a2","fe:f7:ae:58:03:ea""
""3"",""0.000013636"","Probe Response"," SN=15"," FN=0, Flags=....R..., BI=100, SSID="Team_6"","c8:3a:35:c2:e0:a2","fe:f7:ae:58:03:ea""
""4"",""0.000015401"","Authentication"," SN=2161"," FN=0, Flags=........","fe:f7:ae:58:03:ea","c8:3a:35:c2:e0:a2""
""5"",""0.012068591"","Authentication"," SN=16"," FN=0, Flags=........","c8:3a:35:c2:e0:a2","fe:f7:ae:58:03:ea""
""6"",""0.012071749"","Association Request"," SN=2162"," FN=0, Flags=........, SSID="Team_6"","fe:f7:ae:58:03:ea","c8:3a:35:c2:e0:a2""
""7"",""0.034623351"","Association Response"," SN=17"," FN=0, Flags=........","c8:3a:35:c2:e0:a2","fe:f7:ae:58:03:ea""
""8"",""0.077445940"","EAPOL M1",""c8:3a:35:c2:e0:a2"",""fe:f7:ae:58:03:ea""
""9"",""0.082419513"","EAPOL M2",""fe:f7:ae:58:03:ea"",""c8:3a:35:c2:e0:a2""
""10"",""0.085401067"","EAPOL M3",""c8:3a:35:c2:e0:a2"",""fe:f7:ae:58:03:ea""
""11"",""0.089284561"","EAPOL M4",""fe:f7:ae:58:03:ea"",""c8:3a:35:c2:e0:a2""
""129"",""9.757631123"","Probe Response"," SN=54"," FN=0, Flags=........, BI=100, SSID="Team_6"","c8:3a:35:c2:e0:a2","fe:f7:ae:58:03:ea""
""130"",""9.783564166"","Probe Response"," SN=55"," FN=0, Flags=........, BI=100, SSID="Team_6"","c8:3a:35:c2:e0:a2","fe:f7:ae:58:03:ea""
""131"",""9.800318032"","Probe Response"," SN=56"," FN=0, Flags=........, BI=100, SSID="Team_6"","c8:3a:35:c2:e0:a2","fe:f7:ae:58:03:ea""
""146"",""14.542755960"","Probe Response"," SN=63"," FN=0, Flags=........, BI=100, SSID="Team_6"","c8:3a:35:c2:e0:a2","fe:f7:ae:58:03:ea""
""147"",""14.542759131"","Probe Response"," SN=64"," FN=0, Flags=........, BI=100, SSID="Team_6"","c8:3a:35:c2:e0:a2","fe:f7:ae:58:03:ea""
""148"",""14.542768865"","Probe Response"," SN=65"," FN=0, Flags=........, BI=100, SSID="Team_6"","c8:3a:35:c2:e0:a2","fe:f7:ae:58:03:ea""
""149"",""14.603212022"","Probe Response"," SN=66"," FN=0, Flags=........, BI=100, SSID="Team_6"","c8:3a:35:c2:e0:a2","fe:f7:ae:58:03:ea""
""150"",""14.603241712"","Probe Response"," SN=67"," FN=0, Flags=........, BI=100, SSID="Team_6"","c8:3a:35:c2:e0:a2","fe:f7:ae:58:03:ea""
""151"",""14.603253755"","Probe Response"," SN=68"," FN=0, Flags=........, BI=100, SSID="Team_6"","c8:3a:35:c2:e0:a2","fe:f7:ae:58:03:ea""
""152"",""14.603280970"","Probe Response"," SN=69"," FN=0, Flags=........, BI=100, SSID="Team_6"","c8:3a:35:c2:e0:a2","fe:f7:ae:58:03:ea""
""153"",""14.603292682"","Probe Response"," SN=70"," FN=0, Flags=........, BI=100, SSID="Team_6"","c8:3a:35:c2:e0:a2","fe:f7:ae:58:03:ea""
